date,description,amount_clp,category,merchant
2025-06-03T00:08:00.000Z,"Restaurantes · DOMINO'S",-117.21,"Restaurantes","DOMINO'S"
2025-06-03T14:09:00.000Z,"Entretenimiento · SPOTIFY",-131.87,"Entretenimiento","SPOTIFY"
2025-06-03T21:24:00.000Z,"Servicios · ENTEL",-292.04,"Servicios","ENTEL"
2025-06-04T02:35:00.000Z,"Restaurantes · KFC",-119.93,"Restaurantes","KFC"
2025-06-04T13:23:00.000Z,"Alimentación · LIDER",-164.68,"Alimentación","LIDER"
2025-06-04T17:02:00.000Z,"Alimentación · TOTTUS",-210.81,"Alimentación","TOTTUS"
2025-06-04T19:45:00.000Z,"Entretenimiento · NETFLIX",-106.44,"Entretenimiento","NETFLIX"
2025-06-05T13:29:00.000Z,"Alimentación · TOTTUS",-215.18,"Alimentación","TOTTUS"
2025-06-06T19:46:00.000Z,"Entretenimiento · SPOTIFY",-195.47,"Entretenimiento","SPOTIFY"
2025-06-08T13:33:00.000Z,"Servicios · MOVISTAR",-488.08,"Servicios","MOVISTAR"
2025-06-08T21:43:00.000Z,"Servicios · CLARO",-116.08,"Servicios","CLARO"
2025-06-08T22:36:00.000Z,"Salud · CONSULTA MÉDICA",-259.87,"Salud","CONSULTA MÉDICA"
2025-06-10T14:43:00.000Z,"Salud · AHUMADA",-85.74,"Salud","AHUMADA"
2025-06-10T15:31:00.000Z,"Restaurantes · KFC",-74,"Restaurantes","KFC"
2025-06-10T18:44:00.000Z,"Servicios · WOM",-557.72,"Servicios","WOM"
2025-06-11T15:22:00.000Z,"Alimentación · JUMBO",-125.29,"Alimentación","JUMBO"
2025-06-11T23:13:00.000Z,"Alimentación · MINIMARKET",-70.98,"Alimentación","MINIMARKET"
2025-06-12T02:56:00.000Z,"Salud · AHUMADA",-22.24,"Salud","AHUMADA"
2025-06-12T12:38:00.000Z,"Servicios · AGUAS",-218.74,"Servicios","AGUAS"
2025-06-12T20:29:00.000Z,"Restaurantes · MCDONALD'S",-174.03,"Restaurantes","MCDONALD'S"
2025-06-13T01:54:00.000Z,"Restaurantes · SUSHI",-47.69,"Restaurantes","SUSHI"
2025-06-15T14:12:00.000Z,"Servicios · ENEL",-128.65,"Servicios","ENEL"
2025-06-15T14:16:00.000Z,"Transporte · CABIFY",-34.09,"Transporte","CABIFY"
2025-06-15T21:24:00.000Z,"Entretenimiento · NETFLIX",-171.2,"Entretenimiento","NETFLIX"
2025-06-17T15:42:00.000Z,"Alimentación · MINIMARKET",-170.57,"Alimentación","MINIMARKET"
2025-06-17T16:06:00.000Z,"Servicios · ENTEL",-56.06,"Servicios","ENTEL"
2025-06-17T17:02:00.000Z,"Servicios · MOVISTAR",-417.03,"Servicios","MOVISTAR"
2025-06-18T15:17:00.000Z,"Servicios · AGUAS",-543.85,"Servicios","AGUAS"
2025-06-19T01:27:00.000Z,"Restaurantes · CAFETERÍA",-89.01,"Restaurantes","CAFETERÍA"
2025-06-20T01:31:00.000Z,"Salud · SALCOBRAND",-112.12,"Salud","SALCOBRAND"
2025-06-20T14:10:00.000Z,"Salud · AHUMADA",-215.75,"Salud","AHUMADA"
2025-06-20T22:48:00.000Z,"Alimentación · TOTTUS",-271.05,"Alimentación","TOTTUS"
2025-06-21T17:27:00.000Z,"Servicios · ENEL",-515.6,"Servicios","ENEL"
2025-06-21T20:53:00.000Z,"Salud · CONSULTA MÉDICA",-240.52,"Salud","CONSULTA MÉDICA"
2025-06-22T00:26:00.000Z,"Salud · CONSULTA MÉDICA",-262.49,"Salud","CONSULTA MÉDICA"
2025-06-23T20:03:00.000Z,"Transporte · CABIFY",-145.61,"Transporte","CABIFY"
2025-06-23T20:45:00.000Z,"Restaurantes · MCDONALD'S",-238.01,"Restaurantes","MCDONALD'S"
2025-06-24T15:47:00.000Z,"Servicios · ENEL",-571.54,"Servicios","ENEL"
2025-06-25T00:08:00.000Z,"Transporte · RED METRO",-124.38,"Transporte","RED METRO"
2025-06-27T15:41:00.000Z,"Alimentación · TOTTUS",-211.03,"Alimentación","TOTTUS"
2025-06-27T23:24:00.000Z,"Transporte · PETROBRAS",-122.59,"Transporte","PETROBRAS"
2025-06-28T12:34:00.000Z,"Servicios · ENEL",-525.58,"Servicios","ENEL"
2025-06-28T14:36:00.000Z,"Transporte · DIDI",-27.02,"Transporte","DIDI"
2025-06-28T22:44:00.000Z,"Servicios · ENEL",-505.3,"Servicios","ENEL"
2025-06-30T00:03:00.000Z,"Transporte · RED METRO",-99.65,"Transporte","RED METRO"
2025-06-30T02:22:00.000Z,"Alimentación · MINIMARKET",-235.32,"Alimentación","MINIMARKET"
2025-07-01T17:07:00.000Z,"Restaurantes · KFC",-91.53,"Restaurantes","KFC"
2025-07-02T19:29:00.000Z,"Transporte · UBER",-45.14,"Transporte","UBER"
2025-07-03T22:26:00.000Z,"Entretenimiento · NETFLIX",-124.26,"Entretenimiento","NETFLIX"
2025-07-05T22:26:00.000Z,"Salud · SALCOBRAND",-259.82,"Salud","SALCOBRAND"
2025-07-05T22:51:00.000Z,"Salud · SALCOBRAND",-188.44,"Salud","SALCOBRAND"
2025-07-06T00:48:00.000Z,"Restaurantes · KFC",-130.13,"Restaurantes","KFC"
2025-07-07T15:29:00.000Z,"Restaurantes · SUSHI",-62.89,"Restaurantes","SUSHI"
2025-07-07T17:46:00.000Z,"Transporte · COPEC",-61.36,"Transporte","COPEC"
2025-07-07T22:13:00.000Z,"Transporte · COPEC",-116.85,"Transporte","COPEC"
2025-07-09T00:05:00.000Z,"Salud · CONSULTA MÉDICA",-258.61,"Salud","CONSULTA MÉDICA"
2025-07-09T02:51:00.000Z,"Servicios · VTR",-572.63,"Servicios","VTR"
2025-07-10T14:28:00.000Z,"Alimentación · MINIMARKET",-127.02,"Alimentación","MINIMARKET"
2025-07-10T16:54:00.000Z,"Servicios · ENEL",-346.47,"Servicios","ENEL"
2025-07-10T16:54:00.000Z,"Entretenimiento · SPOTIFY",-36.04,"Entretenimiento","SPOTIFY"
2025-07-12T00:29:00.000Z,"Restaurantes · CAFETERÍA",-213.98,"Restaurantes","CAFETERÍA"
2025-07-12T00:38:00.000Z,"Restaurantes · MCDONALD'S",-215.69,"Restaurantes","MCDONALD'S"
2025-07-12T02:16:00.000Z,"Alimentación · JUMBO",-183.59,"Alimentación","JUMBO"
2025-07-13T12:59:00.000Z,"Servicios · ENEL",-389.79,"Servicios","ENEL"
2025-07-13T19:42:00.000Z,"Salud · CRUZ VERDE",-195.3,"Salud","CRUZ VERDE"
2025-07-14T01:48:00.000Z,"Transporte · SHELL",-40.77,"Transporte","SHELL"
2025-07-15T18:19:00.000Z,"Salud · CONSULTA MÉDICA",-178.19,"Salud","CONSULTA MÉDICA"
2025-07-16T21:06:00.000Z,"Salud · SALCOBRAND",-173.18,"Salud","SALCOBRAND"
2025-07-18T01:00:00.000Z,"Restaurantes · SUSHI",-217.88,"Restaurantes","SUSHI"
2025-07-18T18:50:00.000Z,"Salud · AHUMADA",-75.13,"Salud","AHUMADA"
2025-07-20T01:05:00.000Z,"Alimentación · SANTA ISABEL",-244.35,"Alimentación","SANTA ISABEL"
2025-07-21T13:46:00.000Z,"Entretenimiento · SPOTIFY",-140.99,"Entretenimiento","SPOTIFY"
2025-07-21T20:56:00.000Z,"Transporte · CABIFY",-132.33,"Transporte","CABIFY"
2025-07-23T18:18:00.000Z,"Transporte · RED METRO",-6.98,"Transporte","RED METRO"
2025-07-24T01:26:00.000Z,"Transporte · UBER",-106.04,"Transporte","UBER"
2025-07-24T23:38:00.000Z,"Restaurantes · KFC",-112.95,"Restaurantes","KFC"
2025-07-25T14:55:00.000Z,"Transporte · RED METRO",-133.81,"Transporte","RED METRO"
2025-07-26T12:45:00.000Z,"Transporte · CABIFY",-134.2,"Transporte","CABIFY"
2025-07-26T16:32:00.000Z,"Salud · CONSULTA MÉDICA",-185.07,"Salud","CONSULTA MÉDICA"
2025-07-26T17:56:00.000Z,"Alimentación · JUMBO",-36.38,"Alimentación","JUMBO"
2025-07-27T14:11:00.000Z,"Alimentación · MINIMARKET",-272.84,"Alimentación","MINIMARKET"
2025-07-29T14:32:00.000Z,"Restaurantes · CAFETERÍA",-130.33,"Restaurantes","CAFETERÍA"
2025-07-30T01:39:00.000Z,"Salud · CONSULTA MÉDICA",-155.72,"Salud","CONSULTA MÉDICA"
2025-07-31T01:57:00.000Z,"Servicios · MOVISTAR",-383.36,"Servicios","MOVISTAR"
2025-07-31T13:15:00.000Z,"Salud · CONSULTA MÉDICA",-134.97,"Salud","CONSULTA MÉDICA"
2025-07-31T16:37:00.000Z,"Servicios · CLARO",-451.72,"Servicios","CLARO"
2025-07-31T17:44:00.000Z,"Restaurantes · MCDONALD'S",-182.78,"Restaurantes","MCDONALD'S"
2025-08-01T16:17:00.000Z,"Restaurantes · DOMINO'S",-107.15,"Restaurantes","DOMINO'S"
2025-08-01T18:00:00.000Z,"Salud · CONSULTA MÉDICA",-148.93,"Salud","CONSULTA MÉDICA"
2025-08-02T13:28:00.000Z,"Alimentación · TOTTUS",-322.47,"Alimentación","TOTTUS"
2025-08-02T20:02:00.000Z,"Salud · CONSULTA MÉDICA",-117.62,"Salud","CONSULTA MÉDICA"
2025-08-03T13:48:00.000Z,"Servicios · ENEL",-565.05,"Servicios","ENEL"
2025-08-04T21:24:00.000Z,"Salud · CONSULTA MÉDICA",-154.64,"Salud","CONSULTA MÉDICA"
2025-08-04T23:42:00.000Z,"Restaurantes · MCDONALD'S",-147.64,"Restaurantes","MCDONALD'S"
2025-08-06T22:31:00.000Z,"Transporte · UBER",-6.51,"Transporte","UBER"
2025-08-06T23:02:00.000Z,"Transporte · COPEC",-95.05,"Transporte","COPEC"
2025-08-09T17:32:00.000Z,"Entretenimiento · SPOTIFY",-126.82,"Entretenimiento","SPOTIFY"
2025-08-10T21:41:00.000Z,"Servicios · ENTEL",-528.84,"Servicios","ENTEL"
2025-08-11T17:41:00.000Z,"Servicios · ENEL",-431.54,"Servicios","ENEL"
2025-08-11T23:35:00.000Z,"Alimentación · LIDER",-244.13,"Alimentación","LIDER"
2025-08-13T13:59:00.000Z,"Alimentación · JUMBO",-265.15,"Alimentación","JUMBO"
2025-08-13T16:03:00.000Z,"Alimentación · SANTA ISABEL",-49.38,"Alimentación","SANTA ISABEL"
2025-08-13T21:42:00.000Z,"Alimentación · TOTTUS",-183.73,"Alimentación","TOTTUS"
2025-08-14T20:35:00.000Z,"Alimentación · SANTA ISABEL",-55.52,"Alimentación","SANTA ISABEL"
2025-08-14T23:16:00.000Z,"Entretenimiento · CINEMARK",-176.78,"Entretenimiento","CINEMARK"
2025-08-15T00:30:00.000Z,"Alimentación · MINIMARKET",-243.72,"Alimentación","MINIMARKET"
2025-08-15T12:04:00.000Z,"Transporte · COPEC",-76.8,"Transporte","COPEC"
2025-08-15T20:46:00.000Z,"Alimentación · UNIMARC",-327.67,"Alimentación","UNIMARC"
2025-08-16T00:36:00.000Z,"Servicios · CLARO",-128.02,"Servicios","CLARO"
2025-08-18T13:48:00.000Z,"Transporte · SHELL",-35.02,"Transporte","SHELL"
2025-08-18T18:57:00.000Z,"Alimentación · UNIMARC",-103.09,"Alimentación","UNIMARC"
2025-08-20T15:27:00.000Z,"Restaurantes · CAFETERÍA",-140.56,"Restaurantes","CAFETERÍA"
2025-08-21T02:05:00.000Z,"Salud · CONSULTA MÉDICA",-71,"Salud","CONSULTA MÉDICA"
2025-08-21T14:45:00.000Z,"Transporte · DIDI",-101.08,"Transporte","DIDI"
2025-08-21T21:23:00.000Z,"Restaurantes · KFC",-187.61,"Restaurantes","KFC"
2025-08-23T00:15:00.000Z,"Salud · AHUMADA",-298.36,"Salud","AHUMADA"
2025-08-23T00:24:00.000Z,"Entretenimiento · CINEHOYTS",-157.56,"Entretenimiento","CINEHOYTS"
2025-08-23T13:00:00.000Z,"Transporte · CABIFY",-105.67,"Transporte","CABIFY"
2025-08-24T14:17:00.000Z,"Salud · AHUMADA",-296.9,"Salud","AHUMADA"
2025-08-25T02:14:00.000Z,"Alimentación · MINIMARKET",-139.24,"Alimentación","MINIMARKET"
2025-08-25T22:05:00.000Z,"Restaurantes · MCDONALD'S",-154.52,"Restaurantes","MCDONALD'S"
2025-08-26T02:59:00.000Z,"Transporte · CABIFY",-14.7,"Transporte","CABIFY"
2025-08-26T23:06:00.000Z,"Entretenimiento · CINEHOYTS",-39.95,"Entretenimiento","CINEHOYTS"
2025-08-26T23:57:00.000Z,"Alimentación · TOTTUS",-224.46,"Alimentación","TOTTUS"
2025-08-27T02:46:00.000Z,"Salud · CRUZ VERDE",-91.66,"Salud","CRUZ VERDE"
2025-08-30T14:38:00.000Z,"Alimentación · UNIMARC",-49.29,"Alimentación","UNIMARC"
2025-08-31T01:08:00.000Z,"Restaurantes · MCDONALD'S",-182.87,"Restaurantes","MCDONALD'S"
2025-09-02T12:40:00.000Z,"Alimentación · TOTTUS",-169.01,"Alimentación","TOTTUS"
2025-09-03T21:23:00.000Z,"Salud · CRUZ VERDE",-148.85,"Salud","CRUZ VERDE"
2025-09-03T23:16:00.000Z,"Restaurantes · SUSHI",-66.2,"Restaurantes","SUSHI"
2025-09-05T15:52:00.000Z,"Restaurantes · KFC",-90.97,"Restaurantes","KFC"
2025-09-05T21:02:00.000Z,"Transporte · PETROBRAS",-125.91,"Transporte","PETROBRAS"
2025-09-06T02:57:00.000Z,"Entretenimiento · NETFLIX",-144.62,"Entretenimiento","NETFLIX"
2025-09-06T16:00:00.000Z,"Entretenimiento · STEAM",-121.52,"Entretenimiento","STEAM"
2025-09-08T00:34:00.000Z,"Restaurantes · MCDONALD'S",-158.26,"Restaurantes","MCDONALD'S"
2025-09-08T01:52:00.000Z,"Salud · SALCOBRAND",-296.71,"Salud","SALCOBRAND"
2025-09-12T13:11:00.000Z,"Servicios · MOVISTAR",-265.07,"Servicios","MOVISTAR"
2025-09-12T14:49:00.000Z,"Salud · AHUMADA",-90.84,"Salud","AHUMADA"
2025-09-12T15:35:00.000Z,"Alimentación · SANTA ISABEL",-75.65,"Alimentación","SANTA ISABEL"
2025-09-13T22:17:00.000Z,"Transporte · RED METRO",-65.59,"Transporte","RED METRO"
2025-09-13T23:50:00.000Z,"Transporte · CABIFY",-56.48,"Transporte","CABIFY"
2025-09-15T17:18:00.000Z,"Salud · CONSULTA MÉDICA",-52.87,"Salud","CONSULTA MÉDICA"
2025-09-15T18:52:00.000Z,"Servicios · CLARO",-107.35,"Servicios","CLARO"
2025-09-16T01:18:00.000Z,"Servicios · MOVISTAR",-285.37,"Servicios","MOVISTAR"
2025-09-16T11:09:00.000Z,"Restaurantes · CAFETERÍA",-90.66,"Restaurantes","CAFETERÍA"
2025-09-16T22:15:00.000Z,"Restaurantes · DOMINO'S",-218.33,"Restaurantes","DOMINO'S"
2025-09-17T00:58:00.000Z,"Entretenimiento · NETFLIX",-140.68,"Entretenimiento","NETFLIX"
2025-09-18T12:00:00.000Z,"Salud · CONSULTA MÉDICA",-232.69,"Salud","CONSULTA MÉDICA"
2025-09-18T16:24:00.000Z,"Salud · AHUMADA",-222.6,"Salud","AHUMADA"
2025-09-18T20:43:00.000Z,"Alimentación · UNIMARC",-178.16,"Alimentación","UNIMARC"
2025-09-19T20:18:00.000Z,"Entretenimiento · CINEMARK",-197.57,"Entretenimiento","CINEMARK"
2025-09-19T20:31:00.000Z,"Alimentación · MINIMARKET",-341.02,"Alimentación","MINIMARKET"
2025-09-20T00:29:00.000Z,"Alimentación · TOTTUS",-93.67,"Alimentación","TOTTUS"
2025-09-20T16:53:00.000Z,"Alimentación · TOTTUS",-287.71,"Alimentación","TOTTUS"
2025-09-20T19:37:00.000Z,"Servicios · MOVISTAR",-354.77,"Servicios","MOVISTAR"
2025-09-20T21:41:00.000Z,"Salud · CONSULTA MÉDICA",-48.85,"Salud","CONSULTA MÉDICA"
2025-09-21T14:36:00.000Z,"Alimentación · JUMBO",-72.56,"Alimentación","JUMBO"
2025-09-21T17:07:00.000Z,"Restaurantes · CAFETERÍA",-92.93,"Restaurantes","CAFETERÍA"
2025-09-22T00:06:00.000Z,"Servicios · AGUAS",-562.1,"Servicios","AGUAS"
2025-09-22T11:26:00.000Z,"Transporte · RED METRO",-13.41,"Transporte","RED METRO"
2025-09-22T14:19:00.000Z,"Salud · CRUZ VERDE",-255.8,"Salud","CRUZ VERDE"
2025-09-22T14:50:00.000Z,"Restaurantes · KFC",-174.77,"Restaurantes","KFC"
2025-09-23T22:39:00.000Z,"Alimentación · TOTTUS",-272.84,"Alimentación","TOTTUS"
2025-09-25T20:25:00.000Z,"Transporte · DIDI",-68.19,"Transporte","DIDI"
2025-09-25T20:52:00.000Z,"Servicios · WOM",-183.95,"Servicios","WOM"
2025-09-26T20:28:00.000Z,"Entretenimiento · NETFLIX",-188.63,"Entretenimiento","NETFLIX"
2025-09-27T11:32:00.000Z,"Restaurantes · CAFETERÍA",-104.73,"Restaurantes","CAFETERÍA"
2025-09-27T14:49:00.000Z,"Entretenimiento · SPOTIFY",-170.76,"Entretenimiento","SPOTIFY"
2025-09-27T21:32:00.000Z,"Restaurantes · KFC",-213.16,"Restaurantes","KFC"
2025-09-29T00:16:00.000Z,"Entretenimiento · CINEHOYTS",-73.01,"Entretenimiento","CINEHOYTS"
2025-10-01T14:40:00.000Z,"Servicios · CLARO",-337.99,"Servicios","CLARO"
2025-10-03T00:22:00.000Z,"Alimentación · UNIMARC",-151.09,"Alimentación","UNIMARC"
2025-10-03T22:06:00.000Z,"Salud · CONSULTA MÉDICA",-104.88,"Salud","CONSULTA MÉDICA"
2025-10-06T11:08:00.000Z,"Entretenimiento · STEAM",-186.72,"Entretenimiento","STEAM"
2025-10-07T13:12:00.000Z,"Transporte · PETROBRAS",-60.19,"Transporte","PETROBRAS"
2025-10-09T18:29:00.000Z,"Salud · CONSULTA MÉDICA",-269.72,"Salud","CONSULTA MÉDICA"
2025-10-09T20:37:00.000Z,"Transporte · PETROBRAS",-113.52,"Transporte","PETROBRAS"
2025-10-11T01:11:00.000Z,"Servicios · AGUAS",-170.87,"Servicios","AGUAS"
2025-10-12T14:55:00.000Z,"Transporte · UBER",-132.29,"Transporte","UBER"
2025-10-12T22:37:00.000Z,"Transporte · COPEC",-131.58,"Transporte","COPEC"
2025-10-13T16:32:00.000Z,"Servicios · AGUAS",-436.08,"Servicios","AGUAS"
2025-10-13T22:58:00.000Z,"Transporte · COPEC",-138.95,"Transporte","COPEC"
2025-10-15T12:14:00.000Z,"Servicios · ENTEL",-363.1,"Servicios","ENTEL"
2025-10-15T22:58:00.000Z,"Alimentación · UNIMARC",-174.05,"Alimentación","UNIMARC"
2025-10-16T01:36:00.000Z,"Transporte · RED METRO",-60.07,"Transporte","RED METRO"
2025-10-17T01:45:00.000Z,"Salud · CONSULTA MÉDICA",-23.51,"Salud","CONSULTA MÉDICA"
2025-10-17T14:03:00.000Z,"Salud · AHUMADA",-90.57,"Salud","AHUMADA"
2025-10-17T16:59:00.000Z,"Restaurantes · DOMINO'S",-83.59,"Restaurantes","DOMINO'S"
2025-10-17T19:30:00.000Z,"Servicios · VTR",-91.46,"Servicios","VTR"
2025-10-21T14:08:00.000Z,"Salud · AHUMADA",-234.58,"Salud","AHUMADA"
2025-10-21T18:10:00.000Z,"Servicios · VTR",-156.05,"Servicios","VTR"
2025-10-22T11:17:00.000Z,"Salud · CRUZ VERDE",-121.47,"Salud","CRUZ VERDE"
2025-10-22T12:18:00.000Z,"Restaurantes · SUSHI",-135.85,"Restaurantes","SUSHI"
2025-10-23T13:22:00.000Z,"Transporte · COPEC",-147.42,"Transporte","COPEC"
2025-10-23T17:21:00.000Z,"Alimentación · SANTA ISABEL",-201.1,"Alimentación","SANTA ISABEL"
2025-10-23T18:29:00.000Z,"Transporte · DIDI",-105.14,"Transporte","DIDI"
2025-10-24T13:09:00.000Z,"Salud · SALCOBRAND",-64.34,"Salud","SALCOBRAND"
2025-10-25T14:38:00.000Z,"Restaurantes · MCDONALD'S",-63.77,"Restaurantes","MCDONALD'S"
2025-10-27T17:31:00.000Z,"Servicios · CLARO",-151.42,"Servicios","CLARO"
2025-10-27T21:55:00.000Z,"Restaurantes · DOMINO'S",-125.19,"Restaurantes","DOMINO'S"
2025-10-27T23:47:00.000Z,"Entretenimiento · SPOTIFY",-198.02,"Entretenimiento","SPOTIFY"
2025-10-28T16:05:00.000Z,"Transporte · CABIFY",-58.29,"Transporte","CABIFY"
2025-10-28T20:29:00.000Z,"Servicios · VTR",-391.98,"Servicios","VTR"
2025-10-28T23:49:00.000Z,"Alimentación · UNIMARC",-297.28,"Alimentación","UNIMARC"
2025-10-29T13:43:00.000Z,"Servicios · VTR",-532.3,"Servicios","VTR"
2025-10-29T21:56:00.000Z,"Entretenimiento · CINEMARK",-101.4,"Entretenimiento","CINEMARK"
2025-10-29T23:40:00.000Z,"Alimentación · SANTA ISABEL",-198.26,"Alimentación","SANTA ISABEL"
2025-10-30T13:24:00.000Z,"Restaurantes · KFC",-77.29,"Restaurantes","KFC"
2025-10-30T23:40:00.000Z,"Salud · SALCOBRAND",-165.42,"Salud","SALCOBRAND"
2025-10-31T13:18:00.000Z,"Entretenimiento · SPOTIFY",-149.83,"Entretenimiento","SPOTIFY"
2025-11-01T21:25:00.000Z,"Entretenimiento · CINEHOYTS",-186.91,"Entretenimiento","CINEHOYTS"
2025-11-02T00:22:00.000Z,"Entretenimiento · CINEMARK",-173.04,"Entretenimiento","CINEMARK"
2025-11-04T14:30:00.000Z,"Restaurantes · DOMINO'S",-217.94,"Restaurantes","DOMINO'S"
2025-11-04T17:04:00.000Z,"Entretenimiento · STEAM",-127.48,"Entretenimiento","STEAM"
2025-11-05T01:54:00.000Z,"Entretenimiento · CINEMARK",-71.21,"Entretenimiento","CINEMARK"
2025-11-06T15:04:00.000Z,"Entretenimiento · STEAM",-185.41,"Entretenimiento","STEAM"
2025-11-06T16:03:00.000Z,"Alimentación · JUMBO",-317.1,"Alimentación","JUMBO"
2025-11-07T15:58:00.000Z,"Alimentación · TOTTUS",-255.19,"Alimentación","TOTTUS"
2025-11-07T17:41:00.000Z,"Entretenimiento · CINEMARK",-179.46,"Entretenimiento","CINEMARK"
2025-11-08T00:29:00.000Z,"Alimentación · LIDER",-120.44,"Alimentación","LIDER"
2025-11-08T11:43:00.000Z,"Salud · CONSULTA MÉDICA",-26.44,"Salud","CONSULTA MÉDICA"
2025-11-08T16:35:00.000Z,"Transporte · RED METRO",-14.02,"Transporte","RED METRO"
2025-11-08T22:17:00.000Z,"Salud · SALCOBRAND",-238.12,"Salud","SALCOBRAND"
2025-11-09T22:02:00.000Z,"Salud · CONSULTA MÉDICA",-41.56,"Salud","CONSULTA MÉDICA"
2025-11-09T23:52:00.000Z,"Entretenimiento · NETFLIX",-152.98,"Entretenimiento","NETFLIX"
2025-11-10T00:05:00.000Z,"Alimentación · UNIMARC",-322.56,"Alimentación","UNIMARC"
2025-11-10T13:16:00.000Z,"Restaurantes · DOMINO'S",-62.16,"Restaurantes","DOMINO'S"
2025-11-10T19:15:00.000Z,"Salud · SALCOBRAND",-47.95,"Salud","SALCOBRAND"
2025-11-10T22:36:00.000Z,"Salud · CONSULTA MÉDICA",-87.78,"Salud","CONSULTA MÉDICA"
2025-11-11T21:00:00.000Z,"Entretenimiento · NETFLIX",-195.36,"Entretenimiento","NETFLIX"
2025-11-11T21:35:00.000Z,"Salud · CRUZ VERDE",-32.64,"Salud","CRUZ VERDE"
2025-11-13T13:43:00.000Z,"Servicios · VTR",-258.82,"Servicios","VTR"
2025-11-14T18:13:00.000Z,"Entretenimiento · CINEMARK",-90.4,"Entretenimiento","CINEMARK"
2025-11-14T19:47:00.000Z,"Entretenimiento · SPOTIFY",-120.54,"Entretenimiento","SPOTIFY"
2025-11-15T21:47:00.000Z,"Restaurantes · DOMINO'S",-98.35,"Restaurantes","DOMINO'S"
2025-11-16T22:35:00.000Z,"Restaurantes · KFC",-71.79,"Restaurantes","KFC"
2025-11-17T17:41:00.000Z,"Entretenimiento · STEAM",-178.48,"Entretenimiento","STEAM"
2025-11-17T21:26:00.000Z,"Transporte · COPEC",-84.38,"Transporte","COPEC"
2025-11-17T22:26:00.000Z,"Restaurantes · SUSHI",-244.45,"Restaurantes","SUSHI"
2025-11-18T23:59:00.000Z,"Restaurantes · DOMINO'S",-233.54,"Restaurantes","DOMINO'S"
2025-11-19T00:00:00.000Z,"Servicios · WOM",-210.09,"Servicios","WOM"
2025-11-19T00:13:00.000Z,"Salud · CRUZ VERDE",-189.84,"Salud","CRUZ VERDE"
2025-11-19T22:59:00.000Z,"Servicios · CLARO",-212.86,"Servicios","CLARO"
2025-11-19T23:46:00.000Z,"Servicios · ENEL",-113.99,"Servicios","ENEL"
2025-11-20T13:05:00.000Z,"Transporte · PETROBRAS",-29.44,"Transporte","PETROBRAS"
2025-11-20T14:31:00.000Z,"Transporte · RED METRO",-44.75,"Transporte","RED METRO"
2025-11-21T13:48:00.000Z,"Entretenimiento · SPOTIFY",-74.36,"Entretenimiento","SPOTIFY"
2025-11-21T14:30:00.000Z,"Transporte · DIDI",-130.03,"Transporte","DIDI"
2025-11-23T16:59:00.000Z,"Restaurantes · CAFETERÍA",-153.22,"Restaurantes","CAFETERÍA"
2025-11-23T22:13:00.000Z,"Alimentación · JUMBO",-225.57,"Alimentación","JUMBO"
2025-11-24T21:00:00.000Z,"Entretenimiento · NETFLIX",-76.88,"Entretenimiento","NETFLIX"
2025-11-26T12:27:00.000Z,"Entretenimiento · NETFLIX",-31.01,"Entretenimiento","NETFLIX"
2025-11-26T20:57:00.000Z,"Servicios · ENEL",-552.97,"Servicios","ENEL"
2025-11-26T21:03:00.000Z,"Salud · CRUZ VERDE",-289.31,"Salud","CRUZ VERDE"
2025-11-29T23:26:00.000Z,"Entretenimiento · STEAM",-143.35,"Entretenimiento","STEAM"
2025-11-30T16:46:00.000Z,"Alimentación · MINIMARKET",-233.5,"Alimentación","MINIMARKET"
2025-11-30T22:53:00.000Z,"Salud · CRUZ VERDE",-192.19,"Salud","CRUZ VERDE"
2025-12-01T00:37:00.000Z,"Servicios · CLARO",-424.31,"Servicios","CLARO"
2025-12-02T11:57:00.000Z,"Servicios · ENTEL",-515.41,"Servicios","ENTEL"
